Manufacturer,Model,Month,Year,Km,Kw,Ps,Price,state,engine,Benz
Mercedes-Benz1,"""GLE""",3,2016,35800,270,367,69695,0,1,yes
Mercedes-Benz2,"""V""",11,2017,9999,140,190,63589,0,0,yes
Mercedes-Benz3,"""C""",4,2017,9060,350,476,60490,0,1,yes
Mercedes-Benz4,"""GLC""",4,2016,10412,155,211,60500,0,1,yes
Mercedes-Benz5,"""E""",2,2018,3000,143,194,60678,0,0,yes
Mercedes-Benz6,"""GLS""",8,2017,21566,190,258,71990,0,0,yes
Mercedes-Benz7,"""S""",4,2017,26900,190,258,68790,0,0,yes
Mercedes-Benz8,"""GLS""",8,2017,19971,190,258,79990,0,0,yes
Mercedes-Benz9,"""GLE""",5,2015,33500,190,258,60880,0,0,yes
Mercedes-Benz10,"""C""",3,2017,29440,350,476,60889,0,1,yes
Mercedes-Benz11,"""C""",5,2017,22174,350,476,60900,0,1,yes
Mercedes-Benz12,"""S""",2,2015,54000,190,258,60900,0,0,yes
Mercedes-Benz13,"""S""",5,2015,38000,190,258,60950,0,0,yes
Mercedes-Benz14,"""C""",5,2017,15618,270,367,60989,0,1,yes
Mercedes-Benz15,"""V""",6,2017,9600,140,190,60990,0,0,yes
Mercedes-Benz16,"""V""",1,2017,20000,140,190,60990,0,0,yes
Mercedes-Benz17,"""E""",4,2017,5900,180,245,60990,0,0,yes
Mercedes-Benz18,"""GLE""",1,2018,3001,150,204,61250,0,0,yes
Mercedes-Benz19,"""GLC""",2,2018,2001,190,258,61500,0,0,yes
Mercedes-Benz20,"""V""",6,2017,13017,140,190,61821,0,0,yes
Mercedes-Benz21,"""GLC""",9,2017,9900,180,245,61899,0,0,yes
Mercedes-Benz22,"""V""",4,2017,10804,140,190,61960,0,0,yes
Mercedes-Benz23,"""GLC""",8,2017,9875,190,258,61970,0,0,yes
Mercedes-Benz24,"""S""",8,2016,43500,190,258,61990,0,0,yes
Mercedes-Benz25,"""C""",3,2017,4246,270,367,62480,0,1,yes
Mercedes-Benz26,"""C""",12,2017,3000,270,367,66930,0,1,yes
Mercedes-Benz27,"""S""",6,2015,19714,185,252,68949,0,0,yes
Mercedes-Benz28,"""G""",2,2014,40322,456,620,157989,0,1,yes
Mercedes-Benz29,"""GT""",7,2017,5892,350,476,111111,0,1,yes
Mercedes-Benz30,"""S""",9,1964,90950,110,150,74500,0,1,yes
Mercedes-Benz31,"""S""",11,2017,8000,270,367,96800,0,0,yes
Mercedes-Benz32,"""S""",NA,2018,20,345,469,151890,1,1,yes
Mercedes-Benz33,"""S""",9,2016,31100,190,258,69900,0,0,yes
Mercedes-Benz34,"""AMG""",4,2017,9060,350,476,60490,0,1,yes
Mercedes-Benz35,"""AMG""",1,2015,27000,375,510,129000,0,1,yes
Mercedes-Benz36,"""GLE""",NA,2018,0,287,390,90565,1,1,yes
Mercedes-Benz37,"""GLE""",4,2016,32800,270,367,76500,0,1,yes
Mercedes-Benz38,"""E""",1,2018,9500,155,211,61820,0,0,yes
Mercedes-Benz39,"""V""",NA,2018,100,140,190,165000,1,0,yes
Mercedes-Benz40,"""GT""",9,2015,8900,463,630,124900,0,1,yes
Mercedes-Benz41,"""S""",12,2016,19986,190,258,70900,0,0,yes
Mercedes-Benz42,"""GLE""",NA,2018,0,190,258,88691,1,0,yes
Mercedes-Benz43,"""GLE""",9,2017,3388,410,557,107770,0,1,yes
Mercedes-Benz44,"""S""",9,2015,42800,430,585,113705,0,1,yes
Mercedes-Benz45,"""S""",2,2017,8060,335,455,92750,0,1,yes
Mercedes-Benz46,"""S""",8,2015,40566,335,455,71900,0,1,yes
Mercedes-Benz47,"""220""",7,1954,7500,63,86,155000,0,1,yes
Mercedes-Benz48,"""V""",8,2016,28570,140,190,61890,0,0,yes
Mercedes-Benz49,"""SL""",3,2014,19999,245,333,66890,0,1,yes
Mercedes-Benz50,"""SLR""",5,2007,28600,460,625,399800,0,1,yes
Mercedes-Benz51,"""GLC""",NA,2018,30,375,510,127330,1,1,yes
Mercedes-Benz52,"""G""",3,2015,22800,155,211,73900,0,0,yes
Mercedes-Benz53,"""S""",NA,NA,100,335,455,230000,1,1,yes
Mercedes-Benz54,"""GLE""",7,2017,16073,190,258,64780,0,0,yes
Mercedes-Benz55,"""V""",3,2018,3001,140,190,66520,0,0,yes
Mercedes-Benz56,"""S""",10,2014,43102,390,530,84950,0,1,yes
Mercedes-Benz57,"""S""",7,2017,21000,335,455,113633,0,1,yes
Mercedes-Benz58,"""519""",NA,2018,0,140,190,278480,1,0,yes
Mercedes-Benz59,"""C""",11,2016,9800,375,510,76250,0,1,yes
Mercedes-Benz60,"""V""",9,2017,8000,140,190,78421,0,0,yes
Mercedes-Benz61,"""SL""",9,1957,38500,158,215,995000,0,1,yes
Mercedes-Benz62,"""GLC""",NA,2018,20,155,211,74990,1,0,yes
Mercedes-Benz63,"""C""",1,2018,4900,350,476,79790,0,1,yes
Mercedes-Benz64,"""GLE""",1,2018,4025,190,258,71900,0,0,yes
Mercedes-Benz65,"""GLC""",11,2017,6000,155,211,60000,0,0,yes
Mercedes-Benz66,"""GLC""",11,2017,10,155,211,60000,1,0,yes
Mercedes-Benz67,"""V""",7,2017,18565,140,190,60000,0,0,yes
Mercedes-Benz68,"""GLC""",7,2017,17900,190,258,64888,0,0,yes
Mercedes-Benz69,"""C""",4,2017,13599,375,510,71980,0,1,yes
Mercedes-Benz70,"""S""",2,2014,114000,335,455,62990,0,1,yes
Mercedes-Benz71,"""S""",6,2015,69000,190,258,60000,0,0,yes
Mercedes-Benz72,"""V""",NA,2018,38,140,190,60000,1,0,yes
Mercedes-Benz73,"""SL""",7,1987,64100,170,231,60000,0,1,yes
Mercedes-Benz74,"""V""",6,2017,25000,140,190,60000,0,0,yes
Mercedes-Benz75,"""S""",2,2011,0,200,272,60000,1,1,yes
Mercedes-Benz76,"""V""",6,2017,38000,140,190,60016,0,0,yes
Mercedes-Benz77,"""V""",12,2017,3001,140,190,60094,0,0,yes
Mercedes-Benz78,"""E""",3,2018,5000,143,194,60110,0,0,yes
Mercedes-Benz79,"""E""",11,2017,2200,135,184,60143,0,1,yes
Mercedes-Benz80,"""E""",NA,2018,20,143,194,60155,1,0,yes
Mercedes-Benz81,"""GLC""",3,2018,3000,125,170,60160,0,0,yes
Mercedes-Benz82,"""E""",3,2018,3000,0,0,60200,0,0,yes
Mercedes-Benz83,"""C""",NA,2018,0,270,367,60214,1,1,yes
Mercedes-Benz84,"""CLA""",1,2018,3001,280,381,60260,0,1,yes
Mercedes-Benz85,"""GLC""",NA,2018,0,155,211,60291,1,0,yes
Mercedes-Benz86,"""GLC""",10,2017,3100,155,211,60297,0,0,yes
Mercedes-Benz87,"""E""",3,2018,5000,135,184,60300,0,1,yes
Mercedes-Benz88,"""GLE""",6,2017,17946,190,258,69880,0,0,yes
Mercedes-Benz89,"""G""",NA,2018,11,420,571,136969,1,1,yes
Mercedes-Benz90,"""E""",10,2017,12100,190,258,74659,0,0,yes
Mercedes-Benz91,"""S""",NA,2018,0,250,340,126800,1,1,yes
Mercedes-Benz92,"""V""",4,2017,10000,140,190,130900,0,0,yes
Mercedes-Benz93,"""V""",7,2017,14990,140,190,66449,0,0,yes
Mercedes-Benz94,"""GT""",5,2016,17099,375,510,105885,0,1,yes
Mercedes-Benz95,"""GLC""",3,2018,4900,350,476,91750,0,1,yes
Mercedes-Benz96,"""280""",4,1970,78000,147,200,84900,0,1,yes
Mercedes-Benz97,"""S""",5,2014,42326,335,455,88780,0,1,yes
Mercedes-Benz98,"""S""",4,2016,3900,335,455,127940,0,1,yes
Mercedes-Benz99,"""S""",4,2015,33450,335,455,79950,0,1,yes
Mercedes-Benz100,"""G""",7,2017,80,420,571,154700,1,1,yes
Mercedes-Benz101,"""G""",NA,2018,78,463,630,1100000,1,1,yes
Mercedes-Benz102,"""GLE""",NA,2018,0,190,258,88923,1,0,yes
Mercedes-Benz103,"""S""",1,2017,9084,335,455,137500,0,1,yes
Mercedes-Benz104,"""S""",NA,2018,0,270,367,134535,1,1,yes
Mercedes-Benz105,"""CLS""",4,2016,9339,410,557,74880,0,1,yes
Mercedes-Benz106,"""S""",6,2015,38900,190,258,68413,0,0,yes
Mercedes-Benz107,"""C""",1,2017,28202,375,510,79850,0,1,yes
Mercedes-Benz108,"""GLE""",1,2017,7234,245,333,77776,0,1,yes
Mercedes-Benz109,"""SL""",6,1966,130000,110,150,115000,0,0,yes
Mercedes-Benz110,"""C""",1,2018,3000,270,367,68930,0,1,yes
Mercedes-Benz111,"""GLC""",1,2018,14500,150,204,62820,0,0,yes
Mercedes-Benz112,"""220""",6,1953,55400,59,80,179900,0,1,yes
Mercedes-Benz113,"""SL""",9,1970,48407,125,170,169000,0,0,yes
Mercedes-Benz114,"""S""",12,2015,34378,245,333,69880,0,1,yes
Mercedes-Benz115,"""G""",NA,2018,0,515,700,279850,1,1,yes
Mercedes-Benz116,"""GLE""",11,2016,22109,430,585,99900,0,1,yes
Mercedes-Benz117,"""S""",2,2018,20,450,612,217770,1,1,yes
Mercedes-Benz118,"""E""",NA,2018,20,180,245,65750,1,0,yes
Mercedes-Benz119,"""GLE""",4,2016,11730,270,367,71930,0,1,yes
Mercedes-Benz120,"""GLE""",1,2018,7000,335,455,80900,0,1,yes
Mercedes-Benz121,"""SL""",4,1959,665,77,105,185000,0,0,yes
Mercedes-Benz122,"""G""",8,2016,42817,180,245,74770,0,0,yes
Mercedes-Benz123,"""S""",6,2016,5884,190,258,83990,0,0,yes
Mercedes-Benz124,"""E""",5,2017,14737,245,333,61990,0,1,yes
Mercedes-Benz125,"""G""",12,2016,34600,180,245,79995,0,0,yes
Mercedes-Benz126,"""GLE""",10,2016,19800,190,258,72880,0,0,yes
Mercedes-Benz127,"""S""",3,2017,19100,190,258,64480,0,0,yes
Mercedes-Benz128,"""G""",NA,2018,50,420,571,147700,1,1,yes
Mercedes-Benz129,"""C""",12,2016,19458,375,510,66450,0,1,yes
Mercedes-Benz130,"""E""",7,2017,13595,295,401,69960,0,1,yes
Mercedes-Benz131,"""SPRINTER""",NA,2018,100,140,190,265000,1,0,yes
Mercedes-Benz132,"""220SE""",8,1962,48767,88,120,199000,0,0,yes
Mercedes-Benz133,"""S""",3,2017,25900,335,455,87690,0,1,yes
Mercedes-Benz134,"""G""",NA,2018,0,310,421,236810,1,1,yes
Mercedes-Benz135,"""S""",NA,2018,0,390,530,475000,1,1,yes
Mercedes-Benz136,"""V""",6,2017,27314,140,190,69760,0,0,yes
Mercedes-Benz137,"""G""",1,2018,5000,180,245,102000,0,0,yes
Mercedes-Benz138,"""C""",1,2018,3000,375,510,99998,0,1,yes
Mercedes-Benz139,"""E""",1,2018,50,155,211,74851,1,0,yes
Mercedes-Benz140,"""S""",6,2017,14150,335,455,106900,0,1,yes
Mercedes-Benz141,"""SLS""",1,2015,1822,435,591,399000,0,1,yes
Mercedes-Benz142,"""S""",2,2017,33600,190,258,68490,0,0,yes
Mercedes-Benz143,"""S""",10,2016,21424,245,333,95500,0,1,yes
Mercedes-Benz144,"""C""",12,2017,40,270,367,81999,1,1,yes
Mercedes-Benz145,"""GLC""",11,2017,8500,190,258,62777,0,0,yes
Mercedes-Benz146,"""G""",7,2017,6000,420,571,149928,0,1,yes
Mercedes-Benz147,"""E""",8,2017,9864,295,401,76960,0,1,yes
Mercedes-Benz148,"""S""",9,2016,24315,190,258,68489,0,0,yes
Mercedes-Benz149,"""V""",1,2018,7500,140,190,60449,0,0,yes
Mercedes-Benz150,"""C""",1,2018,3001,270,367,70830,0,1,yes
Mercedes-Benz151,"""SL""",6,1969,64200,125,170,89850,0,0,yes
Mercedes-Benz152,"""G""",12,2011,47800,155,211,84999,0,0,yes
Mercedes-Benz153,"""G""",2,2016,9526,420,571,139900,0,1,yes
Mercedes-Benz154,"""SL""",3,2017,26300,335,455,99890,0,1,yes
Mercedes-Benz155,"""S""",8,2014,176000,430,585,76980,0,1,yes
Mercedes-Benz156,"""G""",1,2018,8000,180,245,96690,0,0,yes
Mercedes-Benz157,"""C""",9,2017,4747,350,476,63790,0,1,yes
Mercedes-Benz158,"""GT""",4,2016,32000,340,462,86998,0,1,yes
Mercedes-Benz159,"""E""",10,2017,10066,420,571,109900,0,1,yes
Mercedes-Benz160,"""V""",4,2017,13396,140,190,61761,0,0,yes
Mercedes-Benz161,"""G""",1,2017,13389,180,245,77880,0,0,yes
Mercedes-Benz162,"""E""",4,2016,14300,430,585,79900,0,1,yes
Mercedes-Benz163,"""C""",6,2017,13000,375,510,77700,0,1,yes
Mercedes-Benz164,"""GLE""",2,2017,22300,190,258,66900,0,0,yes
Mercedes-Benz165,"""GLE""",11,2017,6540,190,258,73990,0,0,yes
Mercedes-Benz166,"""GLE""",2,2018,2001,190,258,77980,0,0,yes
Mercedes-Benz167,"""S""",5,2017,14173,335,455,99950,0,1,yes
Mercedes-Benz168,"""GLE""",3,2018,2001,190,258,68950,0,0,yes
Mercedes-Benz169,"""S""",11,2014,36000,335,455,82950,0,1,yes
Mercedes-Benz170,"""AMG""",8,2017,12000,430,585,169000,0,1,yes
Mercedes-Benz171,"""G""",1,2018,3500,180,245,99489,0,0,yes
Mercedes-Benz172,"""CL""",11,2013,56700,320,435,69950,0,1,yes
Mercedes-Benz173,"""S""",4,2017,34885,190,258,71590,0,0,yes
Mercedes-Benz174,"""SL""",8,2016,18105,430,585,131900,0,1,yes
Mercedes-Benz175,"""S""",1,2018,4900,335,455,111980,0,1,yes
Mercedes-Benz176,"""G""",NA,2018,100,310,421,121000,1,1,yes
Mercedes-Benz177,"""SL""",2,1956,57000,77,105,149500,0,1,yes
Mercedes-Benz178,"""SL""",11,1963,8000,110,150,98000,0,1,yes
Mercedes-Benz179,"""GT""",1,2018,8000,410,557,169960,0,1,yes
Mercedes-Benz180,"""GLE""",12,2016,44084,320,435,65850,0,1,yes
Mercedes-Benz181,"""GLC""",9,2016,14647,190,258,60349,0,0,yes
Mercedes-Benz182,"""SLS""",8,2011,34000,420,571,209950,0,1,yes
Mercedes-Benz183,"""G""",NA,2018,50,310,421,107850,1,1,yes
Mercedes-Benz184,"""SL""",3,2018,5000,270,367,93600,0,1,yes
Mercedes-Benz185,"""GLS""",5,2017,16155,190,258,79850,0,0,yes
Mercedes-Benz186,"""V""",9,2017,19240,140,190,65391,0,0,yes
Mercedes-Benz187,"""S""",6,2014,26900,390,530,119530,0,1,yes
Mercedes-Benz188,"""G""",12,2015,29100,310,421,199900,0,1,yes
Mercedes-Benz189,"""GLE""",1,2018,5500,190,258,73700,0,0,yes
Mercedes-Benz190,"""V""",5,2017,9500,140,190,64790,0,0,yes
Mercedes-Benz191,"""S""",7,2017,7185,210,286,79500,0,0,yes
Mercedes-Benz192,"""G""",NA,2018,0,499,678,285000,1,1,yes
Mercedes-Benz193,"""S""",1,2018,8000,345,469,148790,0,1,yes
Mercedes-Benz194,"""S""",NA,2018,0,390,530,700000,1,1,yes
Mercedes-Benz195,"""SL""",4,2001,16200,165,224,69900,0,0,yes
Mercedes-Benz196,"""C""",3,2016,7325,375,510,65900,0,1,yes
Mercedes-Benz197,"""SLS""",5,2014,2052,435,591,330000,0,1,yes
Mercedes-Benz198,"""GLE""",7,2017,5945,190,258,71380,0,0,yes
Mercedes-Benz199,"""GT""",10,2017,4900,384,522,124780,0,1,yes
Mercedes-Benz200,"""SE""",7,1971,80000,118,160,179000,0,1,yes
Mercedes-Benz201,"""GT""",8,2017,187,410,557,169900,0,1,yes
Mercedes-Benz202,"""G""",NA,2018,50,463,630,1237600,1,1,yes
Mercedes-Benz203,"""C""",10,2016,32969,350,476,64900,0,1,yes
Mercedes-Benz204,"""V""",2,2017,16452,140,190,64900,0,0,yes
Mercedes-Benz205,"""S""",9,2015,58667,190,258,62500,0,0,yes
Mercedes-Benz206,"""S""",10,2014,47431,335,455,77880,0,1,yes
Mercedes-Benz207,"""GLE""",10,2017,8000,190,258,68600,0,0,yes
Mercedes-Benz208,"""G""",4,2013,28500,400,544,169900,0,1,yes
Mercedes-Benz209,"""S""",1,2014,69000,190,258,69000,0,0,yes
Mercedes-Benz210,"""C""",3,2016,34960,375,510,72700,0,1,yes
Mercedes-Benz211,"""G""",9,2013,89000,155,211,65500,0,0,yes
Mercedes-Benz212,"""C""",NA,2018,50,375,510,79850,1,1,yes
Mercedes-Benz213,"""S""",7,2015,18386,245,333,95500,0,1,yes
Mercedes-Benz214,"""Sprinter""",11,2017,1200,140,190,73550,0,0,yes
Mercedes-Benz215,"""SLR""",12,2009,92,478,650,2622000,1,1,yes
Mercedes-Benz216,"""GLE""",12,2017,9999,190,258,75880,0,0,yes
Mercedes-Benz217,"""E""",2,2018,0,143,194,60678,1,0,yes
Mercedes-Benz218,"""SL""",2,1969,10,125,170,194900,1,1,yes
Mercedes-Benz219,"""E""",2,2016,30579,410,557,77389,0,1,yes
Mercedes-Benz220,"""E""",8,2017,12874,180,245,64750,0,0,yes
Mercedes-Benz221,"""G""",6,2015,42000,155,211,68749,0,0,yes
Mercedes-Benz222,"""SL""",7,2005,46440,450,612,69950,0,1,yes
Mercedes-Benz223,"""Brabus""",3,2013,19800,588,799,309000,0,1,yes
Mercedes-Benz224,"""S""",NA,2018,0,463,630,3000000,1,1,yes
Mercedes-Benz225,"""E""",11,2016,3700,143,194,63300,0,0,yes
Mercedes-Benz226,"""SL""",4,1969,51000,125,170,125900,0,1,yes
Mercedes-Benz227,"""S""",5,2016,11000,190,258,84900,0,0,yes
Mercedes-Benz228,"""V""",3,2018,755,140,190,65899,0,0,yes
Mercedes-Benz229,"""C""",1,2017,24987,375,510,89900,0,1,yes
Mercedes-Benz230,"""GLC""",7,2017,9803,190,258,68887,0,0,yes
Mercedes-Benz231,"""S""",5,2017,6296,245,333,82740,0,1,yes
Mercedes-Benz232,"""S""",12,2015,14000,245,333,87890,0,1,yes
Mercedes-Benz233,"""GLE""",1,2017,18033,190,258,64930,0,0,yes
Mercedes-Benz234,"""SL""",4,1959,83700,80,109,153000,0,1,yes
Mercedes-Benz235,"""C""",7,2017,1501,375,510,94990,0,1,yes
Mercedes-Benz236,"""V""",4,2017,4220,140,190,61900,0,0,yes
Mercedes-Benz237,"""GLE""",5,2017,19580,270,367,71590,0,1,yes
Mercedes-Benz238,"""G""",3,2010,59990,373,507,78900,0,1,yes
Mercedes-Benz239,"""S""",12,2015,76000,190,258,68400,0,0,yes
Mercedes-Benz240,"""G""",8,2017,5,135,184,92499,1,1,yes
Mercedes-Benz241,"""G""",5,2017,14369,180,245,96984,0,0,yes
Mercedes-Benz242,"""V""",1,2018,3000,140,190,78690,0,0,yes
Mercedes-Benz243,"""S""",2,2017,9500,390,530,154850,0,1,yes
Mercedes-Benz244,"""E""",NA,2018,20,450,612,152320,1,1,yes
Mercedes-Benz245,"""G""",3,2016,34907,180,245,77777,0,0,yes
Mercedes-Benz246,"""G""",NA,2018,50,310,421,107750,1,1,yes
Mercedes-Benz247,"""S""",10,2014,58900,390,530,329900,0,1,yes
Mercedes-Benz248,"""S""",5,2014,35094,335,455,62880,0,1,yes
Mercedes-Benz249,"""GLE""",7,2017,13900,190,258,72222,0,0,yes
Mercedes-Benz250,"""GLE""",10,2017,7901,430,585,127959,0,1,yes
Mercedes-Benz251,"""S""",NA,2018,7,345,469,134500,1,1,yes
Mercedes-Benz252,"""GT""",3,2016,20299,375,510,102750,0,1,yes
Mercedes-Benz253,"""SLS""",5,2014,7000,435,591,369000,0,1,yes
Mercedes-Benz254,"""GLE""",9,2016,38000,270,367,69900,0,1,yes
Mercedes-Benz255,"""S""",1,2018,7500,250,340,122500,0,1,yes
Mercedes-Benz256,"""SL""",5,2015,11305,335,455,76489,0,1,yes
Mercedes-Benz257,"""S""",4,2017,21800,190,258,68900,0,0,yes
Mercedes-Benz258,"""GLE""",9,2017,9248,190,258,65880,0,0,yes
Mercedes-Benz259,"""G""",12,2015,64000,420,571,139000,0,1,yes
Mercedes-Benz260,"""S""",6,2016,10994,190,258,79985,0,0,yes
Mercedes-Benz261,"""SLS""",1,2011,70298,420,571,189500,0,1,yes
Mercedes-Benz262,"""S""",8,2015,65000,335,455,73999,0,1,yes
Mercedes-Benz263,"""GLE""",6,2017,17049,270,367,68880,0,1,yes
Mercedes-Benz264,"""GT""",7,2016,17330,340,462,92890,0,1,yes
Mercedes-Benz265,"""GT""",NA,2018,125,384,522,199650,0,1,yes
Mercedes-Benz266,"""C""",1,2016,49082,375,510,63449,0,1,yes
Mercedes-Benz267,"""SE""",3,1970,71400,147,200,139000,0,1,yes
Mercedes-Benz268,"""GLE""",1,2017,13500,190,258,78995,0,0,yes
Mercedes-Benz269,"""S""",6,2015,65015,335,455,83900,0,1,yes
Mercedes-Benz270,"""E""",4,2017,20100,190,258,69890,0,0,yes
Mercedes-Benz271,"""G""",10,2017,3001,180,245,87500,0,0,yes
Mercedes-Benz272,"""E""",NA,2018,20,135,184,68425,1,1,yes
BMW1,"""M4""",1,2017,19588,331,450,69980,0,1,yes
BMW2,"""X6""",NA,2018,0,280,381,114030,1,1,no
BMW3,"""525d""",1,2018,3467,170,231,60288,0,0,no
BMW4,"""530d""",2,2018,5,195,265,60293,1,0,no
BMW5,"""X5""",7,2017,24704,190,258,60403,0,0,no
BMW6,"""M2""",NA,2018,0,272,370,71300,1,1,no
BMW7,"""320d""",NA,2018,0,140,190,65075,1,0,no
BMW8,"""530""",1,2018,8000,185,252,60690,0,1,no
BMW9,"""X5""",5,2017,4499,190,258,60900,0,0,no
BMW10,"""M4""",8,2016,19900,317,431,60990,0,1,no
BMW11,"""530d""",8,2017,13806,195,265,61036,0,0,no
BMW12,"""X5""",9,2016,15548,190,258,61047,0,0,no
BMW13,"""X5""",1,2017,24500,190,258,61440,0,0,no
BMW14,"""X6""",3,2017,24832,190,258,61500,0,0,no
BMW15,"""X5""",2,2015,54900,280,381,61770,0,0,no
BMW16,"""X6""",2,2017,13126,190,258,61790,0,0,no
BMW17,"""X5""",11,2016,13732,170,231,61807,0,0,no
BMW18,"""M6""",12,2014,90113,412,560,61880,0,1,no
BMW19,"""440i""",1,2018,2500,240,326,61880,0,1,no
BMW20,"""530""",9,2017,4786,195,265,61889,0,1,no
BMW21,"""530d""",3,2017,9000,195,265,61890,0,0,no
BMW22,"""525d""",11,2017,5600,170,231,61900,0,0,no
BMW23,"""530e""",6,2017,12900,185,252,61970,0,1,no
BMW24,"""520d""",1,2018,5,140,190,61990,1,0,no
BMW25,"""X3""",3,2018,6,140,190,64990,1,0,no
BMW26,"""X6""",4,2016,27750,280,381,70999,0,1,no
BMW27,"""M6""",2,2013,32000,412,560,64900,0,1,no
BMW28,"""430d""",NA,2018,0,190,258,61790,1,0,no
BMW29,"""540d""",NA,2018,0,235,320,100100,1,0,no
BMW30,"""330i""",NA,2018,0,185,252,65800,1,1,no
BMW31,"""M4""",5,2015,26000,317,431,62490,0,1,no
BMW32,"""X5""",7,2014,63000,280,381,68800,0,1,no
BMW33,"""640i""",11,2013,100,235,320,64900,1,1,no
BMW34,"""X5""",11,2017,8000,230,313,84290,0,0,no
BMW35,"""X3""",11,2017,3500,140,190,62790,0,0,no
BMW36,"""X2""",3,2018,999,140,190,65555,0,0,no
BMW37,"""Z8""",6,2003,84211,280,381,275000,0,1,no
BMW38,"""420d""",NA,2018,0,140,190,60630,1,0,no
BMW39,"""740d""",1,2016,3750,235,320,69900,0,0,no
BMW40,"""M550i""",11,2017,1801,340,462,112250,0,1,no
BMW41,"""630""",10,2017,8000,195,265,81582,0,0,no
BMW42,"""M6""",3,2016,5174,412,560,79990,0,1,no
BMW43,"""M4""",3,2017,18617,331,450,69204,0,1,no
BMW44,"""X5""",8,2017,4125,230,313,72578,0,0,no
BMW45,"""320d""",NA,2018,0,140,190,63020,1,0,no
BMW46,"""M3""",3,2017,25250,317,431,61990,0,1,no
BMW47,"""M3""",3,2017,25036,317,431,62343,0,1,no
BMW48,"""X5""",3,2017,13322,423,575,97439,0,1,no
BMW49,"""530d""",2,2017,8500,195,265,60900,0,0,no
BMW50,"""X4""",10,2017,8000,265,360,69634,0,1,no
BMW51,"""M5""",3,2018,1,441,600,170000,1,1,no
BMW52,"""X5""",2,2017,30000,230,313,65899,0,0,no
BMW53,"""630d""",3,2018,1001,195,265,86900,0,0,no
BMW54,"""640""",11,2017,9110,235,320,80300,0,0,no
BMW55,"""i8""",8,2014,27503,170,231,83900,0,1,no
BMW56,"""BMW""",1,1990,72996,173,235,119950,0,0,no
BMW57,"""730d""",1,2017,22000,195,265,65500,0,0,no
BMW58,"""730""",NA,NA,5,195,265,92600,1,0,no
BMW59,"""X5""",1,2017,18500,190,258,62350,0,0,no
BMW60,"""M760""",1,2017,8645,448,609,131900,0,1,no
BMW61,"""M4""",NA,2018,5,331,450,90120,1,1,no
BMW62,"""430""",NA,2018,8,190,258,75970,1,0,no
BMW63,"""X6""",10,2016,14588,190,258,64141,0,0,no
BMW64,"""X4""",NA,2018,0,190,258,72620,1,0,no
BMW65,"""M6""",7,2014,36173,412,560,71403,0,1,no
BMW66,"""640""",10,2017,8000,250,340,90190,0,1,no
BMW67,"""530""",1,2018,8000,195,265,63813,0,0,no
BMW68,"""X6""",5,2017,4255,230,313,67900,0,0,no
BMW69,"""X3""",10,2017,9900,195,265,78790,0,0,no
BMW70,"""M4""",11,2017,5500,331,450,78900,0,1,no
BMW71,"""X5""",4,2017,7492,280,381,76990,0,1,no
BMW72,"""X5""",1,2018,5,190,258,72210,1,0,no
BMW73,"""750i""",5,2016,33000,330,449,69990,0,1,no
BMW74,"""X6""",8,2017,4142,280,381,79900,0,1,no
BMW75,"""730d""",7,2016,33100,195,265,71650,0,0,no
BMW76,"""M4""",3,2017,19000,331,450,79990,0,1,no
BMW77,"""M6""",3,2017,4600,441,600,91500,0,1,no
BMW78,"""740d""",7,2016,16759,235,320,75499,0,0,no
BMW79,"""M5""",4,2016,36470,412,560,63500,0,1,no
BMW80,"""X5""",NA,2018,0,190,258,84310,1,0,no
BMW81,"""M3""",5,2017,15294,331,450,71855,0,1,no
BMW82,"""X5""",1,2018,1500,190,258,80880,0,0,no
BMW83,"""750i""",NA,2018,5,330,449,109500,1,1,no
BMW84,"""X5""",NA,2018,0,190,258,81990,1,0,no
BMW85,"""X3""",NA,2018,1100,195,265,85390,0,0,no
BMW86,"""750Li""",6,2017,4800,330,449,108000,0,1,no
BMW87,"""M4""",3,2017,7420,317,431,64303,0,1,no
BMW88,"""X6""",11,2017,8000,190,258,76827,0,0,no
BMW89,"""540i""",10,2017,11164,250,340,61480,0,1,no
BMW90,"""i8""",9,2014,37300,266,362,78787,0,1,no
BMW91,"""530i""",8,2017,500,185,252,67950,0,1,no
BMW92,"""X5""",5,2017,23792,190,258,66580,0,0,no
BMW93,"""M4""",3,2017,11457,317,431,67950,0,1,no
BMW94,"""430""",NA,2018,0,190,258,62990,1,0,no
BMW95,"""640i""",11,2017,10,250,340,82990,1,1,no
BMW96,"""520d""",NA,2018,0,140,190,65460,1,0,no
BMW97,"""530d""",2,2017,11900,195,265,64490,0,0,no
BMW98,"""730d""",6,2017,3866,195,265,70803,0,0,no
BMW99,"""750""",10,2017,8000,330,449,110914,0,1,no
BMW100,"""M240i""",NA,2018,0,250,340,67632,1,1,no
BMW101,"""i8""",6,2017,19348,266,362,94973,0,1,no
BMW102,"""X6""",10,2017,4629,280,381,76699,0,1,no
BMW103,"""750Li""",2,2017,7500,330,449,109000,0,1,no
BMW104,"""430i""",NA,2018,0,185,252,65870,1,1,no
BMW105,"""750i""",8,2017,11000,330,449,106440,0,1,no
BMW106,"""530d""",NA,2018,10,195,265,69490,1,0,no
BMW107,"""M4""",10,2016,10688,317,431,62844,0,1,no
BMW108,"""i8""",11,2014,50800,170,231,82500,0,0,no
BMW109,"""750d""",9,2016,19800,294,400,77900,0,0,no
BMW110,"""740Ld""",4,2017,22600,235,320,74989,0,0,no
BMW111,"""X5""",5,2017,16950,190,258,61780,0,0,no
BMW112,"""430d""",NA,2018,0,190,258,62450,1,0,no
BMW113,"""750i""",3,2016,22204,330,449,77403,0,1,no
BMW114,"""X5""",NA,2018,0,190,258,93160,1,0,no
BMW115,"""540i""",4,2017,17350,250,340,62680,0,1,no
BMW116,"""X5""",NA,2018,0,190,258,94450,1,0,no
BMW117,"""X6""",1,2017,18500,230,313,75877,0,1,no
BMW118,"""M5""",NA,2018,10,441,600,158000,1,1,no
BMW119,"""750i""",12,2015,49300,330,449,67980,0,1,no
BMW120,"""Z8""",10,2003,39000,280,381,275000,0,1,no
BMW121,"""X6""",12,2017,12,190,258,75990,1,0,no
BMW122,"""740d""",4,2016,37170,235,320,71980,0,0,no
BMW123,"""1600""",1,1970,80570,62,84,69950,0,1,no
BMW124,"""X6""",2,2017,6000,423,575,97800,0,1,no
BMW125,"""X4""",NA,2018,0,140,190,68180,1,0,no
BMW126,"""M4""",NA,2018,0,331,450,98930,1,1,no
BMW127,"""X6""",NA,2018,0,423,575,165000,1,1,no
BMW128,"""X5""",4,2016,23492,230,313,62990,0,0,no
BMW129,"""M4""",4,2017,16872,331,450,76980,0,1,no
BMW130,"""M4""",4,2017,19850,331,450,70400,0,1,no
BMW131,"""650i""",2,2015,15800,330,449,67800,0,1,no
BMW132,"""M2""",6,2017,3300,309,420,65000,0,1,no
BMW133,"""X4""",NA,2018,0,265,360,73950,1,0,no
BMW134,"""M4""",4,2017,15805,331,450,73680,0,1,no
BMW135,"""X6""",6,2017,15000,280,381,79680,0,1,no
BMW136,"""520d""",NA,2018,6,140,190,67330,1,0,no
BMW137,"""X6""",11,2016,22000,280,381,74830,0,1,no
BMW138,"""Z1""",4,1990,46475,150,204,65500,0,1,no
BMW139,"""520""",NA,2018,3,140,190,61500,1,0,no
BMW140,"""X5""",1,2018,5,230,313,86990,1,0,no
BMW141,"""X6""",10,2015,29902,280,381,65900,0,1,no
BMW142,"""640i""",7,2017,27200,250,340,77990,0,1,no
BMW143,"""M3""",5,2017,11700,331,450,66600,0,1,no
BMW144,"""M4""",2,2016,29981,317,431,69950,0,1,no
BMW145,"""X6""",NA,2018,0,423,575,151075,1,1,no
BMW146,"""640""",NA,2018,0,250,340,81990,1,1,no
BMW147,"""M4""",6,2017,6200,331,450,66800,0,1,no
BMW148,"""430i""",NA,2018,0,185,252,68590,1,0,no
BMW149,"""330d""",NA,2018,0,190,258,75830,1,0,no
BMW150,"""X2""",NA,2018,0,140,190,62540,1,0,no
BMW151,"""M4""",3,2016,4500,317,431,64900,0,1,no
BMW152,"""M2""",3,2018,1000,272,370,60990,0,1,no
BMW153,"""1600""",3,1969,8000,63,86,75000,0,1,no
BMW154,"""M6""",2,2017,25600,412,560,83480,0,1,no
BMW155,"""X5""",2,2017,24865,190,258,64880,0,0,no
BMW156,"""M4""",2,2017,14890,331,450,70500,0,1,no
BMW157,"""M2""",NA,2018,11,272,370,64820,1,1,no
BMW158,"""X6""",NA,2018,0,190,258,94990,1,0,no
BMW159,"""X6""",2,2017,15590,230,313,64250,0,0,no
BMW160,"""i8""",7,2015,10441,170,231,95990,0,0,no
BMW161,"""740d""",4,2016,58939,235,320,62980,0,0,no
BMW162,"""M4""",9,2016,20,317,431,69890,1,1,no
BMW163,"""530d""",10,2017,9500,195,265,66890,0,0,no
BMW164,"""430d""",NA,2018,0,190,258,75110,1,0,no
BMW165,"""Z3""",5,1997,13200,236,321,79500,0,1,no
BMW166,"""630""",10,2017,5200,195,265,75890,0,0,no
BMW167,"""6""",2,2014,39617,412,560,69950,0,1,no
BMW168,"""X5""",NA,2018,0,230,313,98840,1,1,no
BMW169,"""630d""",3,2018,250,195,265,82450,0,0,no
BMW170,"""M4""",NA,2018,3,331,450,95200,1,1,no
BMW171,"""530i""",11,2017,6378,185,252,65312,0,1,no
BMW172,"""530d""",2,2017,3250,195,265,69990,0,0,no
BMW173,"""530i""",1,2018,5,185,252,73240,1,1,no
BMW174,"""640d""",9,2017,18000,230,313,85990,0,0,no
BMW175,"""X6""",10,2016,15200,230,313,61899,0,0,no
BMW176,"""740e""",9,2016,62560,190,258,62800,0,1,no
BMW177,"""630d""",1,2018,2500,195,265,91320,0,0,no
BMW178,"""750Ld""",10,2016,12050,294,400,81850,0,0,no
BMW179,"""X5""",NA,2018,0,190,258,83370,1,0,no
BMW180,"""740Ld""",5,2017,14784,235,320,73999,0,0,no
BMW181,"""530d""",9,2017,8406,195,265,61703,0,0,no
BMW182,"""330d""",NA,2018,0,190,258,75730,1,0,no
BMW183,"""630d""",NA,2018,0,195,265,80840,1,0,no
BMW184,"""530i""",NA,2018,0,185,252,66490,1,1,no
BMW185,"""740Ld""",1,2016,69850,235,320,67900,0,0,no
BMW186,"""X5""",7,2017,4182,190,258,62700,0,0,no
BMW187,"""X3""",NA,2018,0,140,190,69815,1,0,no
BMW188,"""420i""",NA,2018,0,135,184,60250,1,0,no
BMW189,"""X3""",10,2017,8900,195,265,67777,0,0,no
BMW190,"""640""",10,2017,8000,250,340,82970,0,1,no
BMW191,"""530""",1,2018,3,185,252,63400,1,1,no
BMW192,"""X5""",NA,2018,0,230,313,99990,1,1,no
BMW193,"""X5""",1,2018,500,190,258,76350,0,0,no
BMW194,"""520d""",NA,2018,0,140,190,72000,1,0,no
BMW195,"""530d""",10,2017,16500,195,265,63800,0,0,no
BMW196,"""730d""",5,2017,12367,195,265,64990,0,0,no
BMW197,"""X6""",10,2016,39800,280,381,72470,0,1,no
BMW198,"""540i""",NA,2018,0,250,340,100480,1,1,no
BMW199,"""M5""",NA,2018,35,441,600,153510,1,1,no
BMW200,"""7""",6,2016,19200,195,265,92548,0,0,no
BMW201,"""M6""",3,2014,46014,423,575,71302,0,1,no
BMW202,"""730d""",7,2016,25500,195,265,62989,0,0,no
BMW203,"""730d""",5,2016,32360,195,265,71830,0,0,no
BMW204,"""320d""",NA,2018,0,140,190,65320,1,0,no
BMW205,"""740d""",1,2017,7889,235,320,66660,0,0,no
BMW206,"""740d""",6,2017,2682,235,320,81900,0,0,no
BMW207,"""X4""",NA,2018,0,265,360,64990,1,1,no
BMW208,"""M6""",6,2017,16000,412,560,93990,0,1,no
BMW209,"""X3""",2,2018,8000,195,265,69900,0,0,no
BMW210,"""X4""",NA,2018,0,140,190,65710,1,0,no
BMW211,"""640d""",6,2013,100,230,313,69900,1,0,no
BMW212,"""1er""",6,2012,16070,250,340,60000,0,1,no
BMW213,"""540i""",NA,2018,0,250,340,75570,1,1,no
BMW214,"""M4""",4,2017,23499,317,431,66659,0,1,no
BMW215,"""X5""",3,2017,1100,280,381,80399,0,1,no
BMW216,"""M6""",8,2017,11000,441,600,99990,0,1,no
BMW217,"""M550i""",NA,2018,0,340,462,119450,1,1,no
BMW218,"""530i""",NA,2018,0,185,252,70990,1,1,no
BMW219,"""530d""",3,2017,7072,195,265,60902,0,0,no
BMW220,"""X6""",7,2017,4065,230,313,71900,0,0,no
BMW221,"""640""",8,2017,500,230,313,80999,0,0,no
BMW222,"""X5""",3,2017,12400,190,258,62600,0,0,no
BMW223,"""630""",NA,2018,0,195,265,93550,1,0,no
BMW224,"""X6""",5,2017,7026,423,575,99450,0,1,no
BMW225,"""X5""",6,2017,8900,423,575,103950,0,1,no
BMW226,"""730""",1,2018,2000,195,265,95500,0,0,no
BMW227,"""540i""",NA,2018,5,250,340,69680,1,1,no
BMW228,"""530i""",7,2017,6656,185,252,71060,0,1,no
BMW229,"""M4""",7,2017,3500,331,450,66990,0,1,no
BMW230,"""X5""",NA,2018,0,170,231,64790,1,0,no
BMW231,"""X5""",4,2017,13951,280,381,84890,0,0,no
BMW232,"""730d""",4,2017,24139,195,265,69460,0,0,no
BMW233,"""530d""",NA,2018,2,195,265,76900,1,0,no
BMW234,"""530d""",8,2017,19900,195,265,66925,0,0,no
BMW235,"""730""",NA,2018,5,195,265,92600,1,0,no
BMW236,"""M3""",8,2016,12900,331,450,65900,0,1,no
BMW237,"""540d""",12,2017,10,235,320,79990,1,0,no
BMW238,"""X5""",1,2018,8000,225,306,72992,0,1,no
BMW239,"""X5""",2,2017,20000,230,313,67800,0,0,no
BMW240,"""730d""",2,2017,18940,195,265,64990,0,0,no
BMW241,"""X6""",6,2017,10397,330,449,99930,0,1,no
BMW242,"""530d""",NA,2018,3,195,265,75850,1,0,no
BMW243,"""520""",NA,2018,1,140,190,61500,1,0,no
BMW244,"""Z8""",3,2002,34800,294,400,249900,0,1,no
BMW245,"""730d""",NA,2018,0,195,265,95590,1,0,no
BMW246,"""3200""",7,1964,51294,118,160,129115,0,0,no
BMW247,"""740i""",5,2017,5805,240,326,98015,0,1,no
BMW248,"""X5""",1,2018,8000,230,313,89290,0,0,no
BMW249,"""740d""",7,2017,11500,235,320,84690,0,0,no
